micro_precision,macro_precision,epoch,step
0.34743621945381165,0.21860454976558685,0,0
